path,group,extension,line_count,review_flags
3D_STUDIO_UIUX_FIX_SUMMARY.md,root,.md,260,hardcoded-local-origin|console-call
ARCSPRO_3D_STUDIO_UIUX_AUDIT_REPORT.md,root,.md,402,console-call
ARCSPRO_3D_STUDIO_UIUX_DEEP_AUDIT_REPORT.md,root,.md,418,hardcoded-local-origin|browser-storage|console-call
ARCSPRO_CURRENT_VERSION.md,root,.md,152,hardcoded-local-origin
docs/GIS_3D_EDITOR_UPGRADE_PLAN.md,docs,.md,143,
docs/GIS_3D_SITE_MODE_PLAN.md,docs,.md,103,
docs/INVENTORY_WMS_PLAN.md,docs,.md,768,large>=500|hardcoded-local-origin|console-call
docs/MODULE_PERMISSION_SETUP_GUIDE.md,docs,.md,250,
docs/plans/2026-03-17-credential-direct-refactor-implementation-plan.md,docs,.md,379,
docs/plans/2026-03-17-credential-layout-design.md,docs,.md,88,
docs/plans/2026-03-17-credential-layout-engine-design.md,docs,.md,50,
docs/plans/2026-03-17-credential-layout-engine-implementation-plan.md,docs,.md,92,
docs/plans/2026-03-17-credential-layout-plan.md,docs,.md,133,
docs/plans/2026-03-17-credential-race-selection-design.md,docs,.md,30,
docs/plans/2026-03-17-credential-race-selection-plan.md,docs,.md,24,
docs/plans/2026-03-21-wms-digital-twin-design.md,docs,.md,857,large>=500
docs/plans/2026-03-21-wms-digital-twin-phase1-implementation-plan.md,docs,.md,681,large>=500
docs/plans/2026-03-21-wms-ui-redesign.md,docs,.md,56,
docs/plans/2026-03-23-admin-uiux-redesign-plan.md,docs,.md,267,
docs/plans/2026-03-23-sidebar-uiux-analysis.md,docs,.md,399,browser-storage
docs/plans/2026-03-23-wms-sims-style-warehouse-designer-plan.md,docs,.md,648,large>=500
docs/plans/2026-04-01-gis-3d-event-space-implementation-plan.md,docs,.md,147,
docs/plans/2026-05-23-door-h5-product-grade-mobile.md,docs,.md,222,hardcoded-local-origin
docs/plans/2026-06-10-door-approval-foundation-design.md,docs,.md,388,ts-any
docs/plans/2026-06-10-door-approval-foundation-implementation-plan.md,docs,.md,488,hardcoded-local-origin
docs/plans/2026-06-10-door-design-collaboration-export-rounds-design.md,docs,.md,40,
docs/plans/2026-06-10-door-design-collaboration-export-rounds-implementation-plan.md,docs,.md,81,hardcoded-local-origin
docs/plans/2026-06-10-door-design-collaboration-import-design.md,docs,.md,212,
docs/plans/2026-06-10-door-design-collaboration-import-implementation-plan.md,docs,.md,109,hardcoded-local-origin
docs/plans/2026-06-10-door-design-requests-design.md,docs,.md,207,
docs/plans/2026-06-10-door-design-requests-implementation-plan.md,docs,.md,170,hardcoded-local-origin
docs/plans/2026-06-11-arcspro-openfga-authz-design.md,docs,.md,443,hardcoded-local-origin
docs/plans/2026-06-11-arcspro-openfga-authz-implementation-plan.md,docs,.md,358,hardcoded-local-origin
docs/plans/2026-06-11-arcspro-workspace-surface-refactor-design.md,docs,.md,493,
docs/plans/2026-06-11-arcspro-workspace-surface-refactor-implementation-plan.md,docs,.md,567,large>=500|hardcoded-local-origin|browser-storage
docs/plans/credential-direct-refactor-regression-checklist.md,docs,.md,11,
docs/plans/wms-digital-twin-phase1-regression-checklist.md,docs,.md,16,
docs/webgpu-audit-report.md,docs,.md,202,
docs/webgpu-migration-checklist.md,docs,.md,156,
index.html,root,.html,26,
LOCAL_TEST_ENV.md,root,.md,63,hardcoded-local-origin
package.json,root,.json,83,axios-outside-request
postcss.config.js,root,.js,5,
public/arcspro-app-sw.js,public,.js,116,direct-fetch|hardcoded-local-origin
public/sw-tiles.js,public,.js,466,direct-fetch|console-call
README.md,root,.md,737,large>=500|hardcoded-local-origin
result.json,root,.json,16,
scripts/check-encoding.mjs,tooling,.mjs,81,console-call
server/build-and-save-scene.js,backend:config-or-doc,.js,240,hardcoded-local-origin|console-call
server/check-export.js,backend:config-or-doc,.js,62,hardcoded-local-origin|console-call
server/check-final.js,backend:config-or-doc,.js,49,hardcoded-local-origin|console-call
server/check-full-snapshot.js,backend:config-or-doc,.js,24,hardcoded-local-origin|console-call
server/check-geometry.js,backend:config-or-doc,.js,58,hardcoded-local-origin|console-call
server/check-new-export.js,backend:config-or-doc,.js,75,hardcoded-local-origin|console-call
server/check-osm-data.js,backend:config-or-doc,.js,75,hardcoded-local-origin|console-call
server/check-osm-full.js,backend:config-or-doc,.js,64,hardcoded-local-origin|console-call
server/check-terrain.js,backend:config-or-doc,.js,60,hardcoded-local-origin|console-call
server/check-warehouse-scene.js,backend:config-or-doc,.js,73,hardcoded-local-origin|console-call
server/docker-compose.override.yml,backend:config-or-doc,.yml,14,
server/docker-compose.yml,backend:config-or-doc,.yml,137,
server/Dockerfile,backend:config-or-doc,Dockerfile,11,CRLF
server/docs/backup-restore.md,backend:config-or-doc,.md,93,
server/docs/deployment.md,backend:config-or-doc,.md,100,hardcoded-local-origin
server/docs/plans/2026-03-07-event-normalization.md,backend:config-or-doc,.md,516,CRLF|large>=500|console-call
server/inject-scene-to-project.js,backend:config-or-doc,.js,78,hardcoded-local-origin|console-call
server/knexfile.js,backend:config-or-doc,.js,15,CRLF|hardcoded-local-origin
server/package.json,backend:config-or-doc,.json,45,axios-outside-request
server/README.md,backend:config-or-doc,.md,374,hardcoded-local-origin
server/scripts/audit-permissions.js,backend:script,.js,104,CRLF|console-call
server/scripts/create-test-team.mjs,backend:script,.mjs,168,console-call
server/scripts/diagnose-auth.js,backend:script,.js,100,console-call
server/scripts/finalize-encryption-migration.js,backend:script,.js,153,hardcoded-local-origin|console-call
server/scripts/lib/migration-report.mjs,backend:script,.mjs,55,
server/scripts/lib/sqlite-reader.mjs,backend:script,.mjs,147,
server/scripts/lib/verify-report.mjs,backend:script,.mjs,76,
server/scripts/load-bib-tracking.mjs,backend:script,.mjs,72,direct-fetch|hardcoded-local-origin|console-call
server/scripts/migrate-encryption.js,backend:script,.js,350,hardcoded-local-origin|console-call
server/scripts/migrate-sqlite-to-pg.mjs,backend:script,.mjs,740,large>=500|console-call
server/scripts/migration-manifest.json,backend:script,.json,4,
server/scripts/seed-demo-data.mjs,backend:script,.mjs,379,console-call
server/scripts/seed-inventory-test-data.js,backend:script,.js,270,hardcoded-local-origin|console-call
server/scripts/seed-super-admin.js,backend:script,.js,81,console-call
server/scripts/seed-test-data.mjs,backend:script,.mjs,350,console-call
server/scripts/verify-migration.mjs,backend:script,.mjs,623,large>=500|console-call
server/scripts/verify-module-protection.mjs,backend:script,.mjs,104,console-call
server/src/app.js,backend:core,.js,184,hardcoded-local-origin|ts-any
server/src/authz/authz.service.js,backend:core,.js,111,
server/src/authz/local-checker.js,backend:core,.js,172,
server/src/authz/model/arcspro.fga,backend:core,.fga,54,
server/src/authz/object-ids.js,backend:core,.js,75,
server/src/authz/openfga.client.js,backend:core,.js,45,
server/src/authz/profile.service.js,backend:core,.js,211,
server/src/authz/tuple-projector.js,backend:core,.js,230,
server/src/bootstrap/ensure-super-admin.js,backend:core,.js,46,
server/src/bootstrap/seed-dictionaries.js,backend:core,.js,143,console-call
server/src/config/env.js,backend:core,.js,52,hardcoded-local-origin|console-call
server/src/db/knex.js,backend:core,.js,39,
server/src/db/mappers/audit.js,backend:core,.js,77,
server/src/db/mappers/auth.js,backend:core,.js,88,
server/src/db/mappers/bib.js,backend:core,.js,74,
server/src/db/mappers/clothing.js,backend:core,.js,46,
server/src/db/mappers/column-mappings.js,backend:core,.js,29,
server/src/db/mappers/import-sessions.js,backend:core,.js,55,
server/src/db/mappers/jobs.js,backend:core,.js,6,
server/src/db/mappers/jsonb.js,backend:core,.js,76,
server/src/db/mappers/lottery-results.js,backend:core,.js,32,
server/src/db/mappers/lottery.js,backend:core,.js,285,
server/src/db/mappers/pipeline.js,backend:core,.js,100,
server/src/db/mappers/races.js,backend:core,.js,60,
server/src/db/mappers/records.js,backend:core,.js,224,
server/src/db/mappers/snapshot.js,backend:core,.js,51,
server/src/db/migrations/20260302000001_create_jobs_table.js,backend:migration,.js,53,
server/src/db/migrations/20260302000002_create_auth_tables.js,backend:migration,.js,59,
server/src/db/migrations/20260302000003_create_races_table.js,backend:migration,.js,35,
server/src/db/migrations/20260302000004_create_records_table.js,backend:migration,.js,90,
server/src/db/migrations/20260302000005_create_column_mappings_table.js,backend:migration,.js,24,
server/src/db/migrations/20260302000006_create_import_sessions_table.js,backend:migration,.js,43,
server/src/db/migrations/20260303000001_phase5_lottery_audit_clothing.js,backend:migration,.js,224,
server/src/db/migrations/20260304000001_auth_permission_overhaul.js,backend:migration,.js,108,
server/src/db/migrations/20260304000001_phase6_lottery_results_snapshots_bib.js,backend:migration,.js,129,
server/src/db/migrations/20260305000001_create_org_race_permissions_table.js,backend:migration,.js,39,
server/src/db/migrations/20260307000001_create_bib_tracking_tables.js,backend:migration,.js,60,
server/src/db/migrations/20260307000002_add_lottery_mode_columns.js,backend:migration,.js,25,
server/src/db/migrations/20260307000004_normalize_event_history.js,backend:migration,.js,35,
server/src/db/migrations/20260309000001_repair_bib_tracking_columns.js,backend:migration,.js,98,
server/src/db/migrations/20260309000002_optimize_bib_tracking_scan.js,backend:migration,.js,80,
server/src/db/migrations/20260309142607_create_projects_tables.js,backend:migration,.js,37,todo-marker
server/src/db/migrations/20260310000100_add_user_scope_to_column_mappings.js,backend:migration,.js,52,
server/src/db/migrations/20260310024032_add_responsible_group_to_project_tasks.js,backend:migration,.js,20,
server/src/db/migrations/20260311120000_create_tools_table.js,backend:migration,.js,32,
server/src/db/migrations/20260311123540_add_reimbursement_tool.js,backend:migration,.js,27,
server/src/db/migrations/20260312000001_create_interviews_table.js,backend:migration,.js,28,
server/src/db/migrations/20260312000002_add_scenario_scores_to_interviews.js,backend:migration,.js,24,
server/src/db/migrations/20260313000001_create_assessment_tables.js,backend:migration,.js,146,
server/src/db/migrations/20260314000001_create_team_members_and_user_binding.js,backend:migration,.js,103,
server/src/db/migrations/20260314000002_upgrade_projects_for_org_and_assignees.js,backend:migration,.js,108,
server/src/db/migrations/20260314000003_upgrade_assessment_members_to_team_source.js,backend:migration,.js,47,
server/src/db/migrations/20260315070853_add_plain_code_to_invite_codes.js,backend:migration,.js,24,
server/src/db/migrations/20260315090000_add_photo_to_team_members.js,backend:migration,.js,26,
server/src/db/migrations/20260316000001_create_credential_zones.js,backend:migration,.js,48,
server/src/db/migrations/20260316000002_create_credential_style_templates.js,backend:migration,.js,58,
server/src/db/migrations/20260316000003_create_credential_role_templates.js,backend:migration,.js,52,
server/src/db/migrations/20260316000004_create_credential_role_template_zones.js,backend:migration,.js,43,
server/src/db/migrations/20260316000005_create_credential_applications.js,backend:migration,.js,65,
server/src/db/migrations/20260316000006_create_credential_print_batches.js,backend:migration,.js,52,
server/src/db/migrations/20260316000007_create_credential_application_zone_overrides.js,backend:migration,.js,45,
server/src/db/migrations/20260316000008_create_credential_credentials.js,backend:migration,.js,60,
server/src/db/migrations/20260316000009_create_credential_credential_zones.js,backend:migration,.js,46,
server/src/db/migrations/20260316000010_create_credential_issue_logs.js,backend:migration,.js,51,
server/src/db/migrations/20260316000011_create_credential_scan_logs.js,backend:migration,.js,56,
server/src/db/migrations/20260316000012_create_credential_void_reissue_logs.js,backend:migration,.js,70,
server/src/db/migrations/20260317000001_create_credential_access_areas.js,backend:migration,.js,27,
server/src/db/migrations/20260317000002_create_credential_categories.js,backend:migration,.js,27,
server/src/db/migrations/20260317000003_create_credential_category_access_areas.js,backend:migration,.js,20,
server/src/db/migrations/20260317000004_create_credential_requests.js,backend:migration,.js,37,
server/src/db/migrations/20260317000005_create_credential_request_access_areas.js,backend:migration,.js,25,
server/src/db/migrations/20260317000006_create_credential_credential_access_areas.js,backend:migration,.js,25,
server/src/db/migrations/20260317000007_migrate_legacy_credential_data.js,backend:migration,.js,261,
server/src/db/migrations/20260318000001_add_pii_encryption_columns.js,backend:migration,.js,101,console-call
server/src/db/migrations/20260319000001_add_lottery_lists_unique_constraint.js,backend:migration,.js,27,console-call
server/src/db/migrations/20260319000002_widen_lottery_lists_encrypted_columns.js,backend:migration,.js,26,
server/src/db/migrations/20260320000001_create_inventory_tables.js,backend:migration,.js,235,
server/src/db/migrations/20260321000001_create_inventory_preinbound_tables.js,backend:migration,.js,54,
server/src/db/migrations/20260322000001_extend_inventory_tables_for_twin_phase1.js,backend:migration,.js,64,
server/src/db/migrations/20260322000002_create_inventory_twin_tables_phase1.js,backend:migration,.js,180,
server/src/db/migrations/20260323000001_create_reimbursement_tables.js,backend:migration,.js,144,
server/src/db/migrations/20260324000001_create_password_reset_tokens_table.js,backend:migration,.js,19,
server/src/db/migrations/20260325000001_add_user_preferences.js,backend:migration,.js,16,
server/src/db/migrations/20260327000001_create_inventory_3d_projects_table.js,backend:migration,.js,38,
server/src/db/migrations/20260327000002_upgrade_inventory_3d_studio_to_org_workspace.js,backend:migration,.js,86,
server/src/db/migrations/20260327000003_add_invoice_processing_fields.js,backend:migration,.js,36,
server/src/db/migrations/20260328000001_create_preview_files_table.js,backend:migration,.js,112,
server/src/db/migrations/20260328000001_permission_consolidation.js,backend:migration,.js,69,
server/src/db/migrations/20260328000002_user_profile_extension.js,backend:migration,.js,43,
server/src/db/migrations/20260328000003_user_module_access.js,backend:migration,.js,55,
server/src/db/migrations/20260330000001_add_document_type_to_preview_files.js,backend:migration,.js,32,
server/src/db/migrations/20260331000001_add_invoice_number_fields.js,backend:migration,.js,73,
server/src/db/migrations/20260331000001_create_color_scheme_tables.js,backend:migration,.js,39,
server/src/db/migrations/20260331000002_create_inventory_3d_assets_table.js,backend:migration,.js,144,
server/src/db/migrations/20260401000001_create_inventory_3d_spatial_planning_tables.js,backend:migration,.js,128,
server/src/db/migrations/20260402000001_add_asset_project_type_to_inventory_3d_projects.js,backend:migration,.js,18,
server/src/db/migrations/20260403000001_fix_reimbursement_processed_file_dedup.js,backend:migration,.js,32,
server/src/db/migrations/20260405000001_sanitize_search_document_pii.js,backend:migration,.js,75,console-call
server/src/db/migrations/20260406000001_add_surface_to_color_schemes.js,backend:migration,.js,75,
server/src/db/migrations/20260418000001_create_inventory_3d_scene_export_tables.js,backend:migration,.js,119,
server/src/db/migrations/20260419000001_expand_inventory_3d_project_source_types.js,backend:migration,.js,27,
server/src/db/migrations/20260423000001_create_lottery_v2_beta_tables.js,backend:migration,.js,125,
server/src/db/migrations/20260505000001_expand_reimbursement_invoice_identifiers.js,backend:migration,.js,53,
server/src/db/migrations/20260506000001_create_sys_role_and_migrate_user_roles.js,backend:migration,.js,73,console-call
server/src/db/migrations/20260506000002_create_dict_tables.js,backend:migration,.js,54,console-call
server/src/db/migrations/20260506000003_create_operation_log_table.js,backend:migration,.js,33,
server/src/db/migrations/20260506000004_create_sys_job_tables.js,backend:migration,.js,39,
server/src/db/migrations/20260523000001_add_reimbursement_ocr_observability.js,backend:migration,.js,77,
server/src/db/migrations/20260610000001_create_design_request_tables.js,backend:migration,.js,102,
server/src/db/migrations/20260610000002_create_design_collaboration_import_tables.js,backend:migration,.js,100,
server/src/db/migrations/20260610000003_design_collaboration_export_rounds.js,backend:migration,.js,154,
server/src/db/migrations/20260610000004_create_race_staff_assignments.js,backend:migration,.js,42,
server/src/db/migrations/20260610000005_create_approval_foundation.js,backend:migration,.js,149,
server/src/db/migrations/20260610000006_design_progress_tracking.js,backend:migration,.js,124,
server/src/db/migrations/20260611000001_design_org_scope.js,backend:migration,.js,230,
server/src/docs/swagger.js,backend:core,.js,54,hardcoded-local-origin
server/src/index.js,backend:core,.js,91,hardcoded-local-origin|console-call
server/src/middleware/error-handler.js,backend:middleware,.js,71,console-call
server/src/middleware/operation-log.js,backend:middleware,.js,57,console-call
server/src/middleware/rate-limiter.js,backend:middleware,.js,131,hardcoded-local-origin|console-call
server/src/middleware/request-id.js,backend:middleware,.js,11,
server/src/middleware/require-assessment-session.js,backend:middleware,.js,35,
server/src/middleware/require-auth.js,backend:middleware,.js,71,todo-marker|console-call
server/src/middleware/require-authz.js,backend:middleware,.js,91,
server/src/middleware/require-capability.js,backend:middleware,.js,24,
server/src/middleware/require-module-access.js,backend:middleware,.js,166,
server/src/middleware/require-org-access.js,backend:middleware,.js,45,console-call
server/src/middleware/require-org-scope.js,backend:middleware,.js,40,
server/src/middleware/require-permission.js,backend:middleware,.js,137,
server/src/middleware/require-race-access.js,backend:middleware,.js,56,console-call
server/src/middleware/require-reimbursement-access.js,backend:middleware,.js,342,console-call
server/src/middleware/require-roles.js,backend:middleware,.js,26,
server/src/middleware/require-surface-access.js,backend:middleware,.js,25,
server/src/middleware/tenant-context.js,backend:middleware,.js,37,
server/src/modules/admin/admin-reimbursement.routes.js,backend:module,.js,28,
server/src/modules/admin/admin.routes.js,backend:module,.js,445,
server/src/modules/admin/admin.service.js,backend:module,.js,361,
server/src/modules/app/app-3d-studio.routes.js,backend:module,.js,883,large>=500
server/src/modules/app/app-credential.routes.js,backend:module,.js,79,
server/src/modules/app/app-reimbursement.routes.js,backend:module,.js,121,
server/src/modules/approvals/approval-resolver.service.js,backend:module,.js,210,
server/src/modules/approvals/approval.routes.js,backend:module,.js,118,
server/src/modules/approvals/approval.service.js,backend:module,.js,748,large>=500
server/src/modules/approvals/scope-role-assignment.service.js,backend:module,.js,198,
server/src/modules/assessment/assessment-admin.routes.js,backend:module,.js,154,
server/src/modules/assessment/assessment-crypto.js,backend:module,.js,78,
server/src/modules/assessment/assessment-public.routes.js,backend:module,.js,131,
server/src/modules/assessment/assessment.repository.js,backend:module,.js,332,
server/src/modules/assessment/assessment.service.js,backend:module,.js,1281,large>=1000|console-call
server/src/modules/audit/audit.job-handler.js,backend:module,.js,530,large>=500|console-call
server/src/modules/audit/audit.repository.js,backend:module,.js,142,
server/src/modules/audit/audit.routes.js,backend:module,.js,94,
server/src/modules/auth/auth.repository.js,backend:module,.js,177,
server/src/modules/auth/auth.routes.js,backend:module,.js,405,
server/src/modules/auth/auth.service.js,backend:module,.js,492,todo-marker|hardcoded-local-origin|console-call
server/src/modules/authz/authz.routes.js,backend:module,.js,24,
server/src/modules/bib/bib.repository.js,backend:module,.js,351,
server/src/modules/bib/bib.routes.js,backend:module,.js,143,
server/src/modules/calendar/calendar.controller.js,backend:module,.js,31,
server/src/modules/calendar/calendar.routes.js,backend:module,.js,9,
server/src/modules/clothing/clothing.repository.js,backend:module,.js,149,
server/src/modules/clothing/clothing.routes.js,backend:module,.js,72,
server/src/modules/color-scheme/color-scheme.routes.js,backend:module,.js,272,
server/src/modules/color-scheme/color-scheme.service.js,backend:module,.js,475,
server/src/modules/column-mappings/column-mapping.repository.js,backend:module,.js,261,console-call
server/src/modules/column-mappings/column-mapping.routes.js,backend:module,.js,156,
server/src/modules/credential/credential.repository.js,backend:module,.js,344,
server/src/modules/credential/credential.routes.js,backend:module,.js,207,
server/src/modules/credential/credential.service.js,backend:module,.js,838,large>=500
server/src/modules/design-requests/design-collaboration-import.service.js,backend:module,.js,1316,large>=1000
server/src/modules/design-requests/design-request.defaults.js,backend:module,.js,103,
server/src/modules/design-requests/design-request.routes.js,backend:module,.js,264,
server/src/modules/design-requests/design-request.service.js,backend:module,.js,962,large>=500
server/src/modules/dictionary/dictionary.routes.js,backend:module,.js,160,
server/src/modules/health/health.routes.js,backend:module,.js,40,console-call
server/src/modules/identity-center/identity-center.routes.js,backend:module,.js,94,
server/src/modules/identity-center/identity-center.service.js,backend:module,.js,553,large>=500
server/src/modules/import-sessions/commit-import-session.handler.js,backend:module,.js,469,console-call
server/src/modules/import-sessions/import-session.repository.js,backend:module,.js,145,
server/src/modules/import-sessions/import-session.routes.js,backend:module,.js,229,
server/src/modules/interview/interview-date.js,backend:module,.js,46,
server/src/modules/interview/interview.repository.js,backend:module,.js,54,
server/src/modules/interview/interview.routes.js,backend:module,.js,117,
server/src/modules/interview/interview.service.js,backend:module,.js,182,
server/src/modules/inventory/inventory.alert.js,backend:module,.js,314,
server/src/modules/inventory/inventory.asset.repository.js,backend:module,.js,280,
server/src/modules/inventory/inventory.asset.service.js,backend:module,.js,382,console-call
server/src/modules/inventory/inventory.asset.storage.js,backend:module,.js,216,
server/src/modules/inventory/inventory.report.js,backend:module,.js,247,
server/src/modules/inventory/inventory.repository.js,backend:module,.js,754,large>=500
server/src/modules/inventory/inventory.routes.js,backend:module,.js,814,large>=500
server/src/modules/inventory/inventory.spatial.export.js,backend:module,.js,1661,large>=1000
server/src/modules/inventory/inventory.spatial.generated-scene.service.js,backend:module,.js,544,large>=500
server/src/modules/inventory/inventory.spatial.orthophoto.service.js,backend:module,.js,154,
server/src/modules/inventory/inventory.spatial.osm.service.js,backend:module,.js,615,large>=500|direct-fetch
server/src/modules/inventory/inventory.spatial.publish.js,backend:module,.js,684,large>=500
server/src/modules/inventory/inventory.spatial.repository.js,backend:module,.js,238,
server/src/modules/inventory/inventory.spatial.scene-job.repository.js,backend:module,.js,181,
server/src/modules/inventory/inventory.spatial.scene-job.service.js,backend:module,.js,357,
server/src/modules/inventory/inventory.spatial.service.js,backend:module,.js,589,large>=500
server/src/modules/inventory/inventory.spatial.site-bake.service.js,backend:module,.js,120,
server/src/modules/inventory/inventory.spatial.studio-export.js,backend:module,.js,349,
server/src/modules/inventory/inventory.spatial.terrain.service.js,backend:module,.js,469,
server/src/modules/inventory/inventory.stocktaking.js,backend:module,.js,319,
server/src/modules/inventory/inventory.studio.catalog.js,backend:module,.js,125,
server/src/modules/inventory/inventory.studio.repository.js,backend:module,.js,171,
server/src/modules/inventory/inventory.studio.service.js,backend:module,.js,862,large>=500
server/src/modules/inventory/inventory.studio.snapshot.js,backend:module,.js,44,
server/src/modules/inventory/inventory.twin.binding.js,backend:module,.js,351,
server/src/modules/inventory/inventory.twin.repository.js,backend:module,.js,687,large>=500
server/src/modules/inventory/inventory.twin.routes.js,backend:module,.js,92,
server/src/modules/inventory/inventory.twin.scene.js,backend:module,.js,41,
server/src/modules/inventory/inventory.twin.service.js,backend:module,.js,781,large>=500
server/src/modules/inventory/inventory.workbench.js,backend:module,.js,425,
server/src/modules/jobs/job.handlers.js,backend:module,.js,48,console-call
server/src/modules/jobs/job.mapper.js,backend:module,.js,57,
server/src/modules/jobs/job.repository.js,backend:module,.js,160,
server/src/modules/jobs/job.routes.js,backend:module,.js,35,
server/src/modules/lottery-v2/lottery-v2.job-handler.js,backend:module,.js,25,
server/src/modules/lottery-v2/lottery-v2.routes.js,backend:module,.js,97,
server/src/modules/lottery-v2/lottery-v2.service.js,backend:module,.js,956,large>=500
server/src/modules/lottery/lottery-finalize.job-handler.js,backend:module,.js,517,large>=500
server/src/modules/lottery/lottery-rollback.repository.js,backend:module,.js,250,console-call
server/src/modules/lottery/lottery.repository.js,backend:module,.js,442,
server/src/modules/lottery/lottery.routes.js,backend:module,.js,304,
server/src/modules/module-access/module-access.registry.js,backend:module,.js,45,
server/src/modules/ocr/ocr.controller.js,backend:module,.js,65,console-call
server/src/modules/ocr/ocr.routes.js,backend:module,.js,13,
server/src/modules/ocr/ocr.service.js,backend:module,.js,132,axios-outside-request|console-call
server/src/modules/operation-log/operation-log.routes.js,backend:module,.js,94,
server/src/modules/org/org.routes.js,backend:module,.js,112,
server/src/modules/org/org.service.js,backend:module,.js,135,
server/src/modules/pipeline/pipeline-config.repository.js,backend:module,.js,251,
server/src/modules/pipeline/pipeline-config.routes.js,backend:module,.js,97,
server/src/modules/pipeline/snapshot.repository.js,backend:module,.js,209,
server/src/modules/profile/profile.routes.js,backend:module,.js,444,
server/src/modules/projects/projects.controller.js,backend:module,.js,374,todo-marker
server/src/modules/projects/projects.routes.js,backend:module,.js,23,
server/src/modules/public/public-download.routes.js,backend:module,.js,10,
server/src/modules/races/bib-tracking/bib-tracking.repository.js,backend:module,.js,395,
server/src/modules/races/bib-tracking/bib-tracking.routes.js,backend:module,.js,93,
server/src/modules/races/bib-tracking/bib-tracking.service.js,backend:module,.js,771,large>=500
server/src/modules/races/race-access.service.js,backend:module,.js,250,
server/src/modules/races/race-dashboard/race-dashboard.repository.js,backend:module,.js,429,
server/src/modules/races/race-dashboard/race-dashboard.routes.js,backend:module,.js,147,
server/src/modules/races/race-staff.routes.js,backend:module,.js,58,
server/src/modules/races/race-staff.service.js,backend:module,.js,154,
server/src/modules/races/race.repository.js,backend:module,.js,81,
server/src/modules/races/race.routes.js,backend:module,.js,395,
server/src/modules/records/record.repository.js,backend:module,.js,538,large>=500
server/src/modules/records/record.routes.js,backend:module,.js,251,
server/src/modules/reimbursement/invoice.controller.js,backend:module,.js,443,console-call
server/src/modules/reimbursement/invoice.processor.js,backend:module,.js,482,console-call
server/src/modules/reimbursement/invoice.routes.js,backend:module,.js,61,
server/src/modules/reimbursement/invoice.storage.js,backend:module,.js,216,console-call
server/src/modules/reimbursement/ocr.review.js,backend:module,.js,78,
server/src/modules/reimbursement/ocr.service.js,backend:module,.js,854,large>=500|axios-outside-request|console-call
server/src/modules/reimbursement/preview.controller.js,backend:module,.js,232,console-call
server/src/modules/reimbursement/preview.service.js,backend:module,.js,1428,large>=1000|console-call
server/src/modules/reimbursement/reimbursement.controller.js,backend:module,.js,1149,large>=1000|console-call
server/src/modules/reimbursement/reimbursement.routes.js,backend:module,.js,183,
server/src/modules/reimbursement/reimbursement.service.js,backend:module,.js,1525,large>=1000
server/src/modules/sys-job/job-registry.js,backend:module,.js,24,console-call
server/src/modules/sys-job/sys-job.routes.js,backend:module,.js,119,
server/src/modules/system-backups/system-backup.routes.js,backend:module,.js,179,
server/src/modules/system-backups/system-backup.service.js,backend:module,.js,439,
server/src/modules/team/team-crypto.js,backend:module,.js,40,
server/src/modules/team/team-password.js,backend:module,.js,21,
server/src/modules/team/team-photo.js,backend:module,.js,142,
server/src/modules/team/team.repository.js,backend:module,.js,150,
server/src/modules/team/team.routes.js,backend:module,.js,182,
server/src/modules/team/team.service.js,backend:module,.js,512,large>=500
server/src/modules/tools/tools.controller.js,backend:module,.js,84,
server/src/modules/tools/tools.routes.js,backend:module,.js,16,
server/src/services/job-executor.js,backend:core,.js,20,
server/src/services/scheduler.js,backend:core,.js,83,console-call
server/src/utils/access-policy.js,backend:core,.js,220,
server/src/utils/capability-policy.js,backend:core,.js,168,
server/src/utils/crypto.js,backend:core,.js,387,console-call
server/src/utils/data-scope.js,backend:core,.js,197,
server/src/utils/event-normalizer.js,backend:core,.js,33,
server/src/utils/key-guard.js,backend:core,.js,192,console-call
server/src/utils/masking.js,backend:core,.js,237,
server/src/utils/studioProjectUtils.js,backend:core,.js,1183,large>=1000
server/src/worker.js,backend:core,.js,131,console-call
server/tests/app-locals.test.js,backend:test,.js,10,
server/tests/approval-engine.test.js,backend:test,.js,457,hardcoded-local-origin
server/tests/approval-resolver.test.js,backend:test,.js,324,hardcoded-local-origin
server/tests/approval.routes.test.js,backend:test,.js,302,direct-fetch|hardcoded-local-origin
server/tests/audit-underage.job-handler.test.js,backend:test,.js,125,hardcoded-local-origin
server/tests/auth.test.js,backend:test,.js,180,direct-fetch|hardcoded-local-origin
server/tests/authz/authz-service.test.js,backend:test,.js,95,hardcoded-local-origin
server/tests/authz/local-checker.test.js,backend:test,.js,124,
server/tests/authz/profile-routes.test.js,backend:test,.js,64,
server/tests/authz/profile-service.test.js,backend:test,.js,131,
server/tests/authz/require-authz.test.js,backend:test,.js,86,
server/tests/authz/tuple-projector.test.js,backend:test,.js,124,
server/tests/bib-tracking.test.js,backend:test,.js,569,large>=500|direct-fetch|hardcoded-local-origin
server/tests/bib.routes.test.js,backend:test,.js,303,direct-fetch|hardcoded-local-origin
server/tests/column-mappings.routes.test.js,backend:test,.js,202,direct-fetch|hardcoded-local-origin
server/tests/context-options.test.js,backend:test,.js,269,direct-fetch|hardcoded-local-origin
server/tests/credential-migration.test.js,backend:test,.js,227,hardcoded-local-origin
server/tests/credential-refactor.routes.test.js,backend:test,.js,203,direct-fetch|hardcoded-local-origin
server/tests/design-requests.routes.test.js,backend:test,.js,1152,large>=1000|direct-fetch|hardcoded-local-origin
server/tests/full-chain-encryption.test.js,backend:test,.js,393,console-call
server/tests/health.test.js,backend:test,.js,47,direct-fetch|hardcoded-local-origin
server/tests/identity-center.test.js,backend:test,.js,337,direct-fetch|hardcoded-local-origin
server/tests/import-300-records.test.js,backend:test,.js,723,large>=500|hardcoded-local-origin|console-call
server/tests/import-sessions.test.js,backend:test,.js,170,direct-fetch|hardcoded-local-origin
server/tests/inventory-batch-inbound-twin-sync.test.js,backend:test,.js,113,direct-fetch|hardcoded-local-origin
server/tests/inventory-twin-binding.test.js,backend:test,.js,335,hardcoded-local-origin
server/tests/inventory-twin-schema.test.js,backend:test,.js,67,hardcoded-local-origin
server/tests/inventory-twin.integration.test.js,backend:test,.js,196,direct-fetch|hardcoded-local-origin
server/tests/inventory-twin.repository.test.js,backend:test,.js,188,hardcoded-local-origin
server/tests/inventory-twin.routes.test.js,backend:test,.js,70,
server/tests/inventory-twin.scene.test.js,backend:test,.js,136,hardcoded-local-origin
server/tests/invoice.controller.test.js,backend:test,.js,297,hardcoded-local-origin
server/tests/invoice.processor.test.js,backend:test,.js,220,axios-outside-request|hardcoded-local-origin
server/tests/invoice.storage.test.js,backend:test,.js,40,
server/tests/job.repository.test.js,backend:test,.js,174,hardcoded-local-origin
server/tests/lottery-finalize-normalization.test.js,backend:test,.js,112,hardcoded-local-origin
server/tests/lottery-finalize.job-handler.test.js,backend:test,.js,135,hardcoded-local-origin
server/tests/lottery-lists.repository.test.js,backend:test,.js,97,hardcoded-local-origin
server/tests/lottery-v2.service.test.js,backend:test,.js,220,hardcoded-local-origin
server/tests/mapper.test.js,backend:test,.js,262,
server/tests/ocr.review.test.js,backend:test,.js,69,
server/tests/ocr.service.test.js,backend:test,.js,214,axios-outside-request
server/tests/org-race-permissions.test.js,backend:test,.js,215,direct-fetch|hardcoded-local-origin
server/tests/permissions.test.js,backend:test,.js,419,direct-fetch|hardcoded-local-origin
server/tests/phase7.routes.test.js,backend:test,.js,338,direct-fetch|hardcoded-local-origin
server/tests/pii-encryption.test.js,backend:test,.js,269,hardcoded-local-origin
server/tests/preview.controller.test.js,backend:test,.js,53,
server/tests/preview.service.test.js,backend:test,.js,973,large>=500|axios-outside-request|hardcoded-local-origin
server/tests/races.test.js,backend:test,.js,164,direct-fetch|hardcoded-local-origin
server/tests/records-query.test.js,backend:test,.js,292,direct-fetch|hardcoded-local-origin|console-call
server/tests/reimbursement.service.test.js,backend:test,.js,649,large>=500|hardcoded-local-origin
server/tests/spatial-orthophoto.test.js,backend:test,.js,128,
server/tests/spatial-site-bake.test.js,backend:test,.js,72,
server/tests/system-backup.service.test.js,backend:test,.js,14,
server/tests/tenant-isolation.test.js,backend:test,.js,116,direct-fetch|hardcoded-local-origin
server/verify-scene.js,backend:config-or-doc,.js,49,hardcoded-local-origin|console-call
src/3d-studio/adapters/arcsproToPascalAdapter.js,root,.js,644,large>=500
src/3d-studio/App.jsx,root,.jsx,793,large>=500
src/3d-studio/index.js,root,.js,21,
src/3d-studio/interaction/DeleteAction.jsx,root,.jsx,65,
src/3d-studio/interaction/DirectSelectionManager.jsx,root,.jsx,548,large>=500
src/3d-studio/interaction/TransformGizmo.jsx,root,.jsx,326,
src/3d-studio/model/editorDocument.js,root,.js,3305,large>=1000
src/3d-studio/model/siteBackdrop.js,root,.js,161,
src/3d-studio/panels/AssetLibraryPanel.jsx,root,.jsx,345,console-call
src/3d-studio/panels/PropertyInspector.jsx,root,.jsx,316,
src/3d-studio/panels/SceneTreePanel.jsx,root,.jsx,122,
src/3d-studio/PascalPostProcessing.jsx,root,.jsx,269,console-call
src/3d-studio/PascalViewer.jsx,root,.jsx,597,large>=500|frontend-env-read|console-call
src/3d-studio/renderers/GeometryRenderer.jsx,root,.jsx,951,large>=500|frontend-env-read|console-call
src/3d-studio/renderers/SiteBackdrop.jsx,root,.jsx,220,
src/3d-studio/store/useEditor.js,root,.js,95,
src/3d-studio/store/useModelingDocument.js,root,.js,335,
src/3d-studio/tools/ColumnTool.jsx,root,.jsx,131,
src/3d-studio/tools/EdgeTool.jsx,root,.jsx,317,
src/3d-studio/tools/FaceTool.jsx,root,.jsx,433,
src/3d-studio/tools/LineTool.jsx,root,.jsx,432,
src/3d-studio/tools/MeasureTool.jsx,root,.jsx,242,
src/3d-studio/tools/MoveTool.jsx,root,.jsx,214,
src/3d-studio/tools/OpeningPlacementTool.jsx,root,.jsx,175,
src/3d-studio/tools/PointTool.jsx,root,.jsx,119,
src/3d-studio/tools/PushPullTool.jsx,root,.jsx,183,
src/3d-studio/tools/RotateTool.jsx,root,.jsx,62,
src/3d-studio/tools/SelectTool.jsx,root,.jsx,265,
src/3d-studio/tools/SketchTool.jsx,root,.jsx,624,large>=500
src/3d-studio/tools/WallTool.jsx,root,.jsx,209,
src/3d-studio/tools/ZoneTool.jsx,root,.jsx,307,
src/3d-studio/utils/documentSync.js,root,.js,349,
src/3d-studio/utils/geometryValidation.js,root,.js,240,
src/3d-studio/utils/thumbnailGenerator.js,root,.js,143,direct-fetch
src/3d-studio/utils/workbenchPlane.js,root,.js,246,
src/api/adminApi.js,root,.js,68,direct-fetch|frontend-env-read
src/api/app/bibTracking.js,root,.js,22,
src/api/assessmentAdmin.js,root,.js,25,
src/api/assessmentPublic.js,root,.js,16,
src/api/audit.js,root,.js,99,
src/api/auth.js,root,.js,24,
src/api/bib.js,root,.js,59,
src/api/bibTracking.js,root,.js,22,
src/api/clothing.js,root,.js,52,
src/api/colorSchemeApi.js,root,.js,105,
src/api/column-mappings.js,root,.js,63,
src/api/credential.js,root,.js,44,
src/api/identityCenter.js,root,.js,15,
src/api/import-session.js,root,.js,46,
src/api/interview.js,root,.js,21,
src/api/lottery.js,root,.js,175,
src/api/pipeline.js,root,.js,67,
src/api/profile.js,root,.js,58,direct-fetch|browser-storage
src/api/projects.js,root,.js,21,
src/api/raceDashboard.js,root,.js,53,
src/api/races.js,root,.js,23,
src/api/records.js,root,.js,118,
src/api/tools.js,root,.js,119,ts-any
src/App.jsx,root,.jsx,209,browser-storage
src/components/admin/admin-workbench.css,frontend:component,.css,59,
src/components/admin/adminConfig.js,frontend:component,.js,190,
src/components/admin/AdminLayout.jsx,frontend:component,.jsx,465,browser-storage
src/components/admin/AdminWorkbench.jsx,frontend:component,.jsx,97,
src/components/admin/RequireOrg.jsx,frontend:component,.jsx,20,
src/components/AdminProtectedRoute.jsx,frontend:component,.jsx,45,
src/components/app/app-h5-surface.css,frontend:component,.css,754,large>=500
src/components/app/app-layout.css,frontend:component,.css,1718,large>=1000
src/components/app/app-map-layout.css,frontend:component,.css,464,
src/components/app/appConfig.js,frontend:component,.js,440,
src/components/app/AppH5Surface.jsx,frontend:component,.jsx,306,
src/components/app/AppLayout.jsx,frontend:component,.jsx,683,large>=500|console-call
src/components/app/AppMapLayout.jsx,frontend:component,.jsx,304,
src/components/app/studio/StudioMapBridge.jsx,frontend:component,.jsx,189,
src/components/app/studio/StudioOpsPanel.jsx,frontend:component,.jsx,187,
src/components/app/studio/StudioProjectTree.jsx,frontend:component,.jsx,108,
src/components/app/studio/StudioStructurePanel.jsx,frontend:component,.jsx,411,
src/components/asset-designer-legacy/AssetCatalog.jsx,frontend:component,.jsx,123,
src/components/asset-designer-legacy/AssetDesignerCanvas.jsx,frontend:component,.jsx,575,large>=500
src/components/asset-designer-legacy/AssetDesignerWorkbench.jsx,frontend:component,.jsx,651,large>=500
src/components/asset-designer-legacy/BeamMesh.jsx,frontend:component,.jsx,50,
src/components/asset-designer-legacy/ColumnMesh.jsx,frontend:component,.jsx,109,
src/components/asset-designer-legacy/DoorMesh.jsx,frontend:component,.jsx,109,
src/components/asset-designer-legacy/ExportPanel.jsx,frontend:component,.jsx,287,console-call
src/components/asset-designer-legacy/FloatingInspector.jsx,frontend:component,.jsx,148,
src/components/asset-designer-legacy/FloatingToolbar.jsx,frontend:component,.jsx,175,
src/components/asset-designer-legacy/FloatingTopbar.jsx,frontend:component,.jsx,124,
src/components/asset-designer-legacy/LevelElevationMarker.jsx,frontend:component,.jsx,109,
src/components/asset-designer-legacy/LevelSelector.jsx,frontend:component,.jsx,166,
src/components/asset-designer-legacy/MaterialPicker.jsx,frontend:component,.jsx,61,
src/components/asset-designer-legacy/MeasurementOverlay.jsx,frontend:component,.jsx,150,
src/components/asset-designer-legacy/MeasurementPanel.jsx,frontend:component,.jsx,93,
src/components/asset-designer-legacy/MeasureTool.jsx,frontend:component,.jsx,233,
src/components/asset-designer-legacy/OpeningPlacer.jsx,frontend:component,.jsx,194,console-call
src/components/asset-designer-legacy/PrefabMesh.jsx,frontend:component,.jsx,67,
src/components/asset-designer-legacy/RampMesh.jsx,frontend:component,.jsx,131,
src/components/asset-designer-legacy/SceneTree.jsx,frontend:component,.jsx,121,
src/components/asset-designer-legacy/ShareDialog.jsx,frontend:component,.jsx,120,browser-storage|console-call
src/components/asset-designer-legacy/ShortcutHints.jsx,frontend:component,.jsx,19,
src/components/asset-designer-legacy/SimpleLine3D.jsx,frontend:component,.jsx,56,
src/components/asset-designer-legacy/StairMesh.jsx,frontend:component,.jsx,103,
src/components/asset-designer-legacy/StructureMeshes.jsx,frontend:component,.jsx,39,
src/components/asset-designer-legacy/StructurePlacer.jsx,frontend:component,.jsx,118,
src/components/asset-designer-legacy/WallDrawTool.jsx,frontend:component,.jsx,127,
src/components/asset-designer-legacy/WallGhost.jsx,frontend:component,.jsx,49,
src/components/asset-designer-legacy/WallMesh.jsx,frontend:component,.jsx,84,
src/components/asset-designer-legacy/WallWithOpenings.jsx,frontend:component,.jsx,153,console-call
src/components/asset-designer-legacy/WindowMesh.jsx,frontend:component,.jsx,78,
src/components/AuthRoute.jsx,frontend:component,.jsx,35,
src/components/CapabilityProtectedRoute.jsx,frontend:component,.jsx,20,
src/components/command/command-primitives.css,frontend:component,.css,872,large>=500
src/components/command/CommandPrimitives.jsx,frontend:component,.jsx,251,
src/components/Footer.jsx,frontend:component,.jsx,12,
src/components/inventory/StatusPill.jsx,frontend:component,.jsx,31,
src/components/inventory/TwinSceneCanvas.jsx,frontend:component,.jsx,255,
src/components/inventory/workbench/WarehouseContextBar.jsx,frontend:component,.jsx,55,
src/components/inventory/workbench/WarehouseDetailDrawer.jsx,frontend:component,.jsx,41,
src/components/inventory/workbench/WarehouseExceptionPanel.jsx,frontend:component,.jsx,40,
src/components/inventory/workbench/WarehouseMetricStrip.jsx,frontend:component,.jsx,15,
src/components/inventory/workbench/WarehouseTaskQueue.jsx,frontend:component,.jsx,44,
src/components/inventory/workbench/WarehouseWorkbenchShell.jsx,frontend:component,.jsx,38,
src/components/inventory/workbench/workbench.css,frontend:component,.css,611,large>=500
src/components/map/AMap3DView.tsx,frontend:component,.tsx,968,large>=500|frontend-env-read|ts-any|console-call
src/components/map/CacheStatusIndicator.tsx,frontend:component,.tsx,132,console-call
src/components/map/CustomSourcePanel.tsx,frontend:component,.tsx,502,large>=500|ts-any|console-call
src/components/map/CustomTileSourceWizard.css,frontend:component,.css,325,
src/components/map/CustomTileSourceWizard.tsx,frontend:component,.tsx,534,large>=500|direct-fetch|console-call
src/components/map/DownloadAreaPanel.tsx,frontend:component,.tsx,539,large>=500|direct-fetch|console-call
src/components/map/map.css,frontend:component,.css,3407,large>=1000
src/components/map/MapAdvancedPanel.css,frontend:component,.css,254,
src/components/map/MapAdvancedPanel.tsx,frontend:component,.tsx,334,direct-fetch|ts-any|console-call
src/components/map/MapControls.tsx,frontend:component,.tsx,570,large>=500
src/components/map/MapErrorBoundary.css,frontend:component,.css,156,
src/components/map/MapErrorBoundary.tsx,frontend:component,.tsx,104,console-call
src/components/map/MapFeaturePanel.css,frontend:component,.css,448,
src/components/map/MapFeaturePanel.tsx,frontend:component,.tsx,838,large>=500|ts-any
src/components/map/MapObjectTree.tsx,frontend:component,.tsx,249,ts-any
src/components/map/MapOnboarding.css,frontend:component,.css,216,
src/components/map/MapOnboarding.tsx,frontend:component,.tsx,187,browser-storage
src/components/map/MapShortcutsModal.css,frontend:component,.css,179,
src/components/map/MapShortcutsModal.tsx,frontend:component,.tsx,95,
src/components/map/MapView.tsx,frontend:component,.tsx,223,
src/components/map/MapView2D.tsx,frontend:component,.tsx,1272,large>=1000|ts-any|console-call
src/components/map/MapView3D.tsx,frontend:component,.tsx,2857,large>=1000|eslint-disable|direct-fetch|frontend-env-read|console-call
src/components/map/ModelEditor.tsx,frontend:component,.tsx,353,
src/components/map/ModelManager.tsx,frontend:component,.tsx,249,console-call
src/components/map/ModelUploader.tsx,frontend:component,.tsx,156,
src/components/map/OfflineTileManager.tsx,frontend:component,.tsx,339,console-call
src/components/map/ReferenceBuildingsPanel.tsx,frontend:component,.tsx,236,
src/components/map/TileNetworkMonitor.css,frontend:component,.css,240,
src/components/map/TileNetworkMonitor.tsx,frontend:component,.tsx,142,
src/components/ModuleProtectedRoute.jsx,frontend:component,.jsx,37,
src/components/Navbar.jsx,frontend:component,.jsx,49,
src/components/ops/opsConfig.js,frontend:component,.js,163,
src/components/ops/OpsLayout.jsx,frontend:component,.jsx,277,
src/components/projects/GanttView.jsx,frontend:component,.jsx,258,
src/components/projects/projects-components.css,frontend:component,.css,527,large>=500
src/components/projects/TaskEditModal.jsx,frontend:component,.jsx,267,todo-marker
src/components/projects/TreeGrid.jsx,frontend:component,.jsx,208,todo-marker
src/components/scan/ScanLayout.jsx,frontend:component,.jsx,32,
src/components/ScanProtectedRoute.jsx,frontend:component,.jsx,31,
src/components/shared/ContextBar/ContextBar.css,frontend:component,.css,30,
src/components/shared/ContextBar/ContextBar.jsx,frontend:component,.jsx,12,
src/components/shared/ContextBar/index.js,frontend:component,.js,1,
src/components/shared/ContextSquareEntry.jsx,frontend:component,.jsx,149,
src/components/shared/index.js,frontend:component,.js,18,
src/components/shared/LayoutShell/index.js,frontend:component,.js,1,
src/components/shared/LayoutShell/LayoutShell.css,frontend:component,.css,107,
src/components/shared/LayoutShell/LayoutShell.jsx,frontend:component,.jsx,106,browser-storage
src/components/shared/NavItem/index.js,frontend:component,.js,1,
src/components/shared/NavItem/NavItem.css,frontend:component,.css,59,
src/components/shared/NavItem/NavItem.jsx,frontend:component,.jsx,23,
src/components/shared/NavSection/index.js,frontend:component,.js,1,
src/components/shared/NavSection/NavSection.css,frontend:component,.css,48,
src/components/shared/NavSection/NavSection.jsx,frontend:component,.jsx,9,
src/components/shared/PageHeader/index.js,frontend:component,.js,1,
src/components/shared/PageHeader/PageHeader.css,frontend:component,.css,55,
src/components/shared/PageHeader/PageHeader.jsx,frontend:component,.jsx,29,
src/components/shared/Sidebar/index.js,frontend:component,.js,4,
src/components/shared/Sidebar/Sidebar.css,frontend:component,.css,254,
src/components/shared/Sidebar/Sidebar.jsx,frontend:component,.jsx,76,
src/components/shared/Sidebar/SidebarBrand.jsx,frontend:component,.jsx,37,
src/components/shared/Sidebar/SidebarNav.jsx,frontend:component,.jsx,58,
src/components/shared/Sidebar/SidebarUserCard.jsx,frontend:component,.jsx,62,
src/components/shared/UserCard/index.js,frontend:component,.js,1,
src/components/shared/UserCard/UserCard.css,frontend:component,.css,52,
src/components/shared/UserCard/UserCard.jsx,frontend:component,.jsx,30,
src/components/shared/useSidebarMotion.js,frontend:component,.js,64,
src/components/SurfaceProtectedRoute.jsx,frontend:component,.jsx,144,
src/components/ToolCard.jsx,frontend:component,.jsx,65,
src/components/tools/MechanicalClock/Colon.jsx,frontend:component,.jsx,27,
src/components/tools/MechanicalClock/ControlPanel.jsx,frontend:component,.jsx,99,
src/components/tools/MechanicalClock/Digit.jsx,frontend:component,.jsx,22,
src/components/tools/MechanicalClock/index.jsx,frontend:component,.jsx,146,
src/components/tools/MechanicalClock/mechanical-clock.css,frontend:component,.css,602,large>=500
src/components/tools/MechanicalClock/SevenSegment.jsx,frontend:component,.jsx,194,
src/components/tools/MechanicalClock/sound-debugger.css,frontend:component,.css,352,
src/components/tools/MechanicalClock/SoundDebugger.jsx,frontend:component,.jsx,203,
src/components/tools/MechanicalClock3D/Colon3D.jsx,frontend:component,.jsx,42,
src/components/tools/MechanicalClock3D/Digit3D.jsx,frontend:component,.jsx,23,
src/components/tools/MechanicalClock3D/index.jsx,frontend:component,.jsx,173,
src/components/tools/MechanicalClock3D/mechanical-clock-3d.css,frontend:component,.css,477,
src/components/tools/MechanicalClock3D/Segment3D.jsx,frontend:component,.jsx,128,
src/components/tools/MechanicalClock3D/SevenSegment3D.jsx,frontend:component,.jsx,36,
src/data/builtinRackTemplates.js,root,.js,41,
src/data/gb2260_all.json,root,.json,3,
src/data/materialPresets.js,root,.js,59,
src/data/openingPresets.js,root,.js,126,
src/data/prefabRegistry.js,root,.js,106,
src/data/prefabs/CrowdBarrier.jsx,root,.jsx,45,
src/data/prefabs/EuropeanTent.jsx,root,.jsx,78,
src/data/prefabs/ModularStage.jsx,root,.jsx,81,
src/data/prefabs/RosenbergTent.jsx,root,.jsx,92,
src/data/prefabs/SunUmbrella.jsx,root,.jsx,56,
src/data/prefabs/TrussSegment.jsx,root,.jsx,91,
src/data/structurePresets.js,root,.js,143,
src/features/credential/app/CredentialApplicationPage.jsx,frontend:feature,.jsx,2,
src/features/credential/app/CredentialCenterPage.jsx,frontend:feature,.jsx,2,
src/features/credential/app/CredentialReviewPage.jsx,frontend:feature,.jsx,2,
src/features/credential/execute/CredentialIssuePage.jsx,frontend:feature,.jsx,2,
src/features/inventory/execute/ControlContent.js,frontend:feature,.js,2,
src/features/inventory/execute/InboundContent.js,frontend:feature,.js,2,
src/features/inventory/execute/OutboundContent.js,frontend:feature,.js,2,
src/features/inventory/execute/TwinScanBindingPanel.jsx,frontend:feature,.jsx,2,
src/features/workspace/useSurfaceWorkspace.js,frontend:feature,.js,85,
src/features/workspace/workspaceApi.js,frontend:feature,.js,11,
src/features/workspace/WorkspaceContextDisplay.jsx,frontend:feature,.jsx,17,
src/features/workspace/workspaceSession.js,frontend:feature,.js,263,
src/features/workspace/workspaceStore.js,frontend:feature,.js,48,browser-storage
src/hooks/useDict.js,frontend:hook,.js,51,
src/hooks/useLegacyTileCacheMigration.ts,frontend:hook,.ts,36,frontend-env-read|browser-storage|console-call
src/hooks/useMechanicalSound.js,frontend:hook,.js,468,browser-storage|console-call
src/hooks/useOfflineStatus.ts,frontend:hook,.ts,169,ts-any
src/hooks/useProjectSpatialObjects.ts,frontend:hook,.ts,87,ts-any
src/hooks/useSoundConfig.js,frontend:hook,.js,94,browser-storage|console-call
src/main.jsx,root,.jsx,18,
src/registerPwa.js,root,.js,87,hardcoded-local-origin|browser-storage|console-call
src/services/approvalApi.js,frontend:service,.js,48,
src/services/designRequestApi.js,frontend:service,.js,46,
src/services/inventoryApi.js,frontend:service,.js,182,
src/services/modelStorageService.ts,frontend:service,.ts,283,direct-fetch|frontend-env-read|browser-storage|console-call
src/services/studioProjectApi.js,frontend:service,.js,83,axios-outside-request|frontend-env-read|browser-storage
src/stores/assetDesignerStore.js,frontend:store,.js,305,
src/stores/authStore.js,frontend:store,.js,370,browser-storage
src/stores/clockStore.js,frontend:store,.js,278,direct-fetch|console-call
src/stores/colorSchemeStore.js,frontend:store,.js,298,console-call
src/stores/importStore.js,frontend:store,.js,100,
src/stores/interviewStore.js,frontend:store,.js,304,
src/stores/mapStore.ts,frontend:store,.ts,718,large>=500|ts-any
src/stores/modelStore.ts,frontend:store,.ts,256,
src/stores/raceContextStore.js,frontend:store,.js,89,
src/stores/raceStore.js,frontend:store,.js,183,
src/stores/reimbursementStore.js,frontend:store,.js,926,large>=500|direct-fetch|frontend-env-read|browser-storage|console-call
src/stores/toolsStore.js,frontend:store,.js,64,
src/styles/admin-extras.css,root,.css,236,
src/styles/command-console.css,root,.css,589,large>=500
src/styles/design-tokens.css,root,.css,689,large>=500
src/styles/login.css,root,.css,545,large>=500
src/styles/tectonic-primitives.css,root,.css,437,
src/utils/apiResponse.js,frontend:util,.js,41,
src/utils/assessmentPublicRequest.js,frontend:util,.js,21,axios-outside-request|frontend-env-read
src/utils/beijingDate.js,frontend:util,.js,48,
src/utils/cache/index.ts,frontend:util,.ts,3,
src/utils/cache/lruManager.ts,frontend:util,.ts,309,console-call
src/utils/cache/tileCacheApi.ts,frontend:util,.ts,208,
src/utils/chartLoader.js,frontend:util,.js,10,
src/utils/chinaRegions.ts,frontend:util,.ts,749,large>=500|browser-storage|console-call
src/utils/countryNames.ts,frontend:util,.ts,211,
src/utils/createPreferredRenderer.js,frontend:util,.js,117,console-call
src/utils/csgUtils.js,frontend:util,.js,141,console-call
src/utils/dataCleaners.ts,frontend:util,.ts,525,large>=500
src/utils/db/customSourceStore.ts,frontend:util,.ts,154,
src/utils/db/database.ts,frontend:util,.ts,252,console-call
src/utils/db/index.ts,frontend:util,.ts,5,
src/utils/db/tileAreaStore.ts,frontend:util,.ts,125,
src/utils/db/tileCacheStore.ts,frontend:util,.ts,250,
src/utils/excelProcessor.js,frontend:util,.js,370,
src/utils/exportManifest.js,frontend:util,.js,265,
src/utils/exportUtils.js,frontend:util,.js,210,
src/utils/floorPlanUtils.js,frontend:util,.js,266,
src/utils/idCardRegions.ts,frontend:util,.ts,158,
src/utils/importTypes.ts,frontend:util,.ts,59,ts-any
src/utils/levelUtils.js,frontend:util,.js,107,
src/utils/listMatching.js,frontend:util,.js,153,
src/utils/map/assetTemplates.ts,frontend:util,.ts,98,
src/utils/map/browseState.ts,frontend:util,.ts,152,
src/utils/map/cesiumTransforms.ts,frontend:util,.ts,54,
src/utils/map/focusZoneContext.js,frontend:util,.js,127,
src/utils/map/focusZoneOsmBuildings.js,frontend:util,.js,403,direct-fetch
src/utils/map/focusZoneSpatialObjects.js,frontend:util,.js,200,
src/utils/map/focusZoneStudioScene.js,frontend:util,.js,728,large>=500
src/utils/map/focusZoneTerrainPatch.js,frontend:util,.js,167,
src/utils/map/geojsonExchange.ts,frontend:util,.ts,133,
src/utils/map/geometryBbox.js,frontend:util,.js,40,
src/utils/map/index.ts,frontend:util,.ts,9,
src/utils/map/measurements.ts,frontend:util,.ts,89,ts-any|console-call
src/utils/map/projection.ts,frontend:util,.ts,162,
src/utils/map/scaleUtils.ts,frontend:util,.ts,126,
src/utils/map/serviceWorkerManager.ts,frontend:util,.ts,259,frontend-env-read|browser-storage|console-call
src/utils/map/siteBakeCache.js,frontend:util,.js,64,
src/utils/map/spatialObjects.ts,frontend:util,.ts,211,ts-any
src/utils/map/terrainWorkZones.ts,frontend:util,.ts,134,ts-any
src/utils/map/tileCacheService.ts,frontend:util,.ts,164,frontend-env-read|console-call
src/utils/map/tileCoords.ts,frontend:util,.ts,149,
src/utils/map/tileEvents.ts,frontend:util,.ts,176,ts-any
src/utils/map/tileLayer.ts,frontend:util,.ts,942,large>=500|frontend-env-read|ts-any|console-call
src/utils/map/tileUrlParser.ts,frontend:util,.ts,287,
src/utils/map/tileUrlResolver.ts,frontend:util,.ts,123,
src/utils/measureUtils.js,frontend:util,.js,136,
src/utils/moduleAccess.js,frontend:util,.js,13,
src/utils/namePinyin.ts,frontend:util,.ts,247,browser-storage
src/utils/request.js,frontend:util,.js,159,frontend-env-read|browser-storage
src/utils/sceneAdapter.js,frontend:util,.js,56,
src/utils/screenshotUtils.js,frontend:util,.js,157,
src/utils/shareUtils.js,frontend:util,.js,363,direct-fetch|browser-storage|console-call
src/utils/snapEngine.js,frontend:util,.js,189,
src/utils/studioProjectUtils.js,frontend:util,.js,1572,large>=1000
src/utils/surfaceApi.js,frontend:util,.js,15,
src/utils/surfaceContext.js,frontend:util,.js,46,
src/utils/terrainModel/arcgisTerrainSampler.js,frontend:util,.js,94,
src/utils/terrainModel/demRaster.js,frontend:util,.js,285,
src/utils/terrainModel/elevation.js,frontend:util,.js,224,
src/utils/terrainModel/gpx.js,frontend:util,.js,115,
src/utils/terrainModel/model.js,frontend:util,.js,5859,large>=1000
src/utils/terrainModel/surfaceTexture.js,frontend:util,.js,794,large>=500
src/utils/toast.js,frontend:util,.js,27,
src/utils/verify-frontend-protection.js,frontend:util,.js,94,console-call
src/views/admin/AdminDashboard.jsx,frontend:view,.jsx,73,
src/views/admin/bib-tracking-page.css,frontend:view,.css,236,
src/views/admin/BibTrackingPage.jsx,frontend:view,.jsx,687,large>=500
src/views/admin/branding/ColorSchemePage.css,frontend:view,.css,873,large>=500
src/views/admin/branding/ColorSchemePage.jsx,frontend:view,.jsx,370,
src/views/admin/branding/components/ColorPaletteEditor.jsx,frontend:view,.jsx,78,
src/views/admin/branding/components/ColorPreviewPanel.jsx,frontend:view,.jsx,115,
src/views/admin/branding/components/ColorSwatch.jsx,frontend:view,.jsx,130,
src/views/admin/branding/components/PresetSchemeList.jsx,frontend:view,.jsx,101,
src/views/admin/branding/utils/colorUtils.js,frontend:view,.js,382,
src/views/admin/credential/CredentialApplicationPage.jsx,frontend:view,.jsx,721,large>=500
src/views/admin/credential/CredentialCenterPage.jsx,frontend:view,.jsx,321,
src/views/admin/credential/CredentialIssuePage.jsx,frontend:view,.jsx,549,large>=500
src/views/admin/credential/CredentialReviewPage.jsx,frontend:view,.jsx,607,large>=500
src/views/admin/credential/CredentialRolePage.jsx,frontend:view,.jsx,364,
src/views/admin/credential/CredentialSelectRacePage.jsx,frontend:view,.jsx,170,
src/views/admin/credential/CredentialStylePage.jsx,frontend:view,.jsx,709,large>=500
src/views/admin/credential/CredentialZonePage.jsx,frontend:view,.jsx,313,
src/views/admin/credential/useCredentialSurface.js,frontend:view,.js,25,
src/views/admin/DatabaseBackupPage.jsx,frontend:view,.jsx,613,large>=500|direct-fetch|frontend-env-read
src/views/admin/finance/AdminReimbursementPage.jsx,frontend:view,.jsx,15,
src/views/admin/identity-access-center-page.css,frontend:view,.css,530,large>=500
src/views/admin/identity-center/IdentityAccountsPanel.jsx,frontend:view,.jsx,337,
src/views/admin/identity-center/IdentityModuleMatrixPanel.jsx,frontend:view,.jsx,289,
src/views/admin/identity-center/IdentityOrgRacePanel.jsx,frontend:view,.jsx,141,
src/views/admin/identity-center/IdentityUserRacePanel.jsx,frontend:view,.jsx,223,
src/views/admin/identity-center/shared.js,frontend:view,.js,97,
src/views/admin/IdentityAccessCenterPage.jsx,frontend:view,.jsx,320,
src/views/admin/MemberCreatePage.jsx,frontend:view,.jsx,141,
src/views/admin/module-permission-matrix.css,frontend:view,.css,240,
src/views/admin/org-list-page.css,frontend:view,.css,38,
src/views/admin/OrgCreatePage.jsx,frontend:view,.jsx,201,
src/views/admin/OrgDetailPage.jsx,frontend:view,.jsx,268,
src/views/admin/OrgListPage.jsx,frontend:view,.jsx,164,
src/views/admin/RaceManagementPage.jsx,frontend:view,.jsx,416,
src/views/admin/team-list-page.css,frontend:view,.css,250,
src/views/admin/TeamListPage.jsx,frontend:view,.jsx,1114,large>=1000
src/views/admin/user-list-page.css,frontend:view,.css,205,
src/views/app/assessment/assessment-campaign-list-page.css,frontend:view,.css,25,
src/views/app/assessment/AssessmentCampaignDetailPage.jsx,frontend:view,.jsx,914,large>=500
src/views/app/assessment/AssessmentCampaignListPage.jsx,frontend:view,.jsx,263,
src/views/app/assessment/AssessmentPublicPage.jsx,frontend:view,.jsx,2,
src/views/app/events/bib-tracking/bib-tracking-page.css,frontend:view,.css,237,
src/views/app/events/bib-tracking/BibTrackingPage.jsx,frontend:view,.jsx,686,large>=500
src/views/app/events/bib/bib-page.css,frontend:view,.css,618,large>=500
src/views/app/events/bib/BibLayoutWorkbench.jsx,frontend:view,.jsx,545,large>=500|browser-storage
src/views/app/events/bib/BibPage.jsx,frontend:view,.jsx,581,large>=500|browser-storage
src/views/app/events/bib/ported/bibEligibility.js,frontend:view,.js,11,
src/views/app/events/bib/ported/BibExecution.jsx,frontend:view,.jsx,1027,large>=1000|console-call
src/views/app/events/bib/ported/bibNumberingConfig.js,frontend:view,.js,20,
src/views/app/events/bib/ported/BibRuleManager.jsx,frontend:view,.jsx,332,
src/views/app/events/bib/ported/BibStats.jsx,frontend:view,.jsx,42,
src/views/app/events/bib/ported/bibUtils.js,frontend:view,.js,7,
src/views/app/events/bib/ported/eventUtils.js,frontend:view,.js,26,
src/views/app/events/bib/ported/eventWindowUtils.js,frontend:view,.js,47,
src/views/app/events/bib/ported/numberingEngine.js,frontend:view,.js,392,
src/views/app/events/bib/ported/WindowPlanner.jsx,frontend:view,.jsx,421,
src/views/app/events/bib/ported/zoneAllocator.js,frontend:view,.js,528,large>=500
src/views/app/events/clothing/clothing-page.css,frontend:view,.css,111,
src/views/app/events/clothing/ClothingPage.jsx,frontend:view,.jsx,214,console-call
src/views/app/events/import/DataCleaner.tsx,frontend:view,.tsx,361,console-call
src/views/app/events/import/dataCleaner.worker.ts,frontend:view,.ts,116,
src/views/app/events/import/DataPreview.tsx,frontend:view,.tsx,238,console-call
src/views/app/events/import/import-page.css,frontend:view,.css,750,large>=500
src/views/app/events/import/ImportPage.jsx,frontend:view,.jsx,497,console-call
src/views/app/events/import/SurnamePinyinSettings.tsx,frontend:view,.tsx,140,
src/views/app/events/lottery/CapacityPlanner.jsx,frontend:view,.jsx,263,
src/views/app/events/lottery/GenderRatioConfig.jsx,frontend:view,.jsx,138,
src/views/app/events/lottery/InventoryMatcher.jsx,frontend:view,.jsx,385,
src/views/app/events/lottery/lottery-page.css,frontend:view,.css,433,
src/views/app/events/lottery/lotteryHelpers.js,frontend:view,.js,53,
src/views/app/events/lottery/LotteryPage.jsx,frontend:view,.jsx,184,
src/views/app/events/lottery/LotteryV2BetaPanel.jsx,frontend:view,.jsx,407,
src/views/app/events/lottery/PerformanceFilter.jsx,frontend:view,.jsx,182,
src/views/app/events/lottery/StartZoneSimulator.jsx,frontend:view,.jsx,652,large>=500
src/views/app/events/processing/AuditPipelinePanel.jsx,frontend:view,.jsx,266,
src/views/app/events/processing/ListEntryEditModal.jsx,frontend:view,.jsx,127,
src/views/app/events/processing/LotteryListsPanel.jsx,frontend:view,.jsx,520,large>=500
src/views/app/events/processing/processing-center.css,frontend:view,.css,220,
src/views/app/events/processing/ProcessingCenterPage.jsx,frontend:view,.jsx,173,
src/views/app/events/processing/ProcessingOverviewPanel.jsx,frontend:view,.jsx,197,
src/views/app/events/processing/VerificationImportPanel.jsx,frontend:view,.jsx,159,console-call
src/views/app/events/records/records-page.css,frontend:view,.css,157,
src/views/app/events/records/RecordsOverviewPanel.jsx,frontend:view,.jsx,417,
src/views/app/events/records/RecordsPage.jsx,frontend:view,.jsx,73,
src/views/app/projects/project-detail-page.css,frontend:view,.css,36,
src/views/app/projects/ProjectDetailPage.jsx,frontend:view,.jsx,168,console-call
src/views/app/projects/ProjectListPage.jsx,frontend:view,.jsx,124,console-call
src/views/app/race-dashboard/components/ActivityTimeline.jsx,frontend:view,.jsx,78,
src/views/app/race-dashboard/components/BibProgress.jsx,frontend:view,.jsx,71,
src/views/app/race-dashboard/components/CredentialStats.jsx,frontend:view,.jsx,64,
src/views/app/race-dashboard/components/DashboardHeader.jsx,frontend:view,.jsx,68,
src/views/app/race-dashboard/components/EventDistribution.jsx,frontend:view,.jsx,106,
src/views/app/race-dashboard/components/InventoryOverview.jsx,frontend:view,.jsx,82,
src/views/app/race-dashboard/components/StatCardGrid.jsx,frontend:view,.jsx,26,
src/views/app/race-dashboard/hooks/useDashboardData.js,frontend:view,.js,92,
src/views/app/race-dashboard/race-dashboard.css,frontend:view,.css,874,large>=500
src/views/app/race-dashboard/RaceDashboardPage.jsx,frontend:view,.jsx,254,console-call
src/views/app/SiteModePage.jsx,frontend:view,.jsx,159,
src/views/app/studio-projects.css,frontend:view,.css,337,
src/views/app/studio-workspace.css,frontend:view,.css,782,large>=500
src/views/app/StudioProjectPage.jsx,frontend:view,.jsx,775,large>=500|console-call
src/views/app/StudioProjectsPage.jsx,frontend:view,.jsx,206,
src/views/app/terrain-model/terrain-model.css,frontend:view,.css,2714,large>=1000
src/views/app/terrain-model/TerrainModelPage.jsx,frontend:view,.jsx,4108,large>=1000|frontend-env-read|browser-storage|console-call
src/views/assessment/AssessmentPublicPage.jsx,frontend:view,.jsx,524,large>=500|browser-storage
src/views/asset-designer/AssetDesigner.css,frontend:view,.css,1230,large>=1000
src/views/asset-designer/AssetDesigner.jsx,frontend:view,.jsx,21,
src/views/ChangePassword.jsx,frontend:view,.jsx,79,
src/views/design-requests/design-request-workspace.css,frontend:view,.css,1551,large>=1000
src/views/design-requests/DesignRequestWorkspace.jsx,frontend:view,.jsx,1781,large>=1000
src/views/ForgotPassword.jsx,frontend:view,.jsx,98,
src/views/Home.jsx,frontend:view,.jsx,56,
src/views/interview/interview-workspace.css,frontend:view,.css,1185,large>=1000
src/views/interview/InterviewCompare.jsx,frontend:view,.jsx,331,
src/views/interview/InterviewForm.jsx,frontend:view,.jsx,515,large>=500
src/views/interview/InterviewList.jsx,frontend:view,.jsx,182,
src/views/interview/interviewTheme.js,frontend:view,.js,103,
src/views/interview/InterviewWorkspaceShell.jsx,frontend:view,.jsx,75,
src/views/interview/useInterviewSurface.js,frontend:view,.js,22,
src/views/inventory/AlertCenter.jsx,frontend:view,.jsx,266,
src/views/inventory/BatchInbound.jsx,frontend:view,.jsx,674,large>=500
src/views/inventory/ControlCenter.jsx,frontend:view,.jsx,93,
src/views/inventory/InboundCenter.jsx,frontend:view,.jsx,112,
src/views/inventory/InventoryHome.jsx,frontend:view,.jsx,10,
src/views/inventory/OutboundCenter.jsx,frontend:view,.jsx,111,
src/views/inventory/PreInboundManager.css,frontend:view,.css,505,large>=500
src/views/inventory/PreInboundManager.jsx,frontend:view,.jsx,280,
src/views/inventory/QRCodePrinter.jsx,frontend:view,.jsx,336,
src/views/inventory/Reports.css,frontend:view,.css,76,
src/views/inventory/Reports.jsx,frontend:view,.jsx,255,
src/views/inventory/ScanPickup.jsx,frontend:view,.jsx,631,large>=500|console-call
src/views/inventory/SpaceCenter.jsx,frontend:view,.jsx,135,
src/views/inventory/StocktakingManager.jsx,frontend:view,.jsx,403,
src/views/inventory/TwinScanBindingPanel.jsx,frontend:view,.jsx,627,large>=500|console-call
src/views/inventory/TwinWarehouseDesigner.css,frontend:view,.css,526,large>=500
src/views/inventory/TwinWarehouseViewer.jsx,frontend:view,.jsx,944,large>=500
src/views/inventory/useInventorySurface.js,frontend:view,.js,59,
src/views/inventory/WarehouseManager.jsx,frontend:view,.jsx,591,large>=500
src/views/inventory/WmsDashboard.css,frontend:view,.css,911,large>=500
src/views/inventory/WmsDashboard.jsx,frontend:view,.jsx,160,
src/views/Login.jsx,frontend:view,.jsx,170,browser-storage
src/views/MapPage.tsx,frontend:view,.tsx,18,
src/views/ops/BibPickupPage.jsx,frontend:view,.jsx,386,console-call
src/views/ops/OpsHome.jsx,frontend:view,.jsx,42,
src/views/ops/warehouse/BindingWorkspace.jsx,frontend:view,.jsx,10,
src/views/ops/warehouse/CountWorkspace.jsx,frontend:view,.jsx,21,
src/views/ops/warehouse/InboundWorkspace.jsx,frontend:view,.jsx,21,
src/views/ops/warehouse/OutboundWorkspace.jsx,frontend:view,.jsx,21,
src/views/ops/WarehouseWorkbench.jsx,frontend:view,.jsx,123,
src/views/profile/ProfilePage.jsx,frontend:view,.jsx,675,large>=500|console-call
src/views/Register.jsx,frontend:view,.jsx,192,
src/views/reimbursement/components/AdminView.jsx,frontend:view,.jsx,244,direct-fetch|frontend-env-read|browser-storage|console-call
src/views/reimbursement/components/AttachmentManager.jsx,frontend:view,.jsx,372,
src/views/reimbursement/components/LlmConfigModal.jsx,frontend:view,.jsx,145,
src/views/reimbursement/components/MatchingCenterModal.jsx,frontend:view,.jsx,257,console-call
src/views/reimbursement/components/PreviewWorkspace.jsx,frontend:view,.jsx,514,large>=500|console-call
src/views/reimbursement/components/ProjectManagementPage.jsx,frontend:view,.jsx,328,
src/views/reimbursement/components/ProjectSelector.jsx,frontend:view,.jsx,163,
src/views/reimbursement/components/RecognizeDropZone.jsx,frontend:view,.jsx,214,
src/views/reimbursement/components/ReimbursementTable.jsx,frontend:view,.jsx,969,large>=500
src/views/reimbursement/components/ThumbnailGrid.jsx,frontend:view,.jsx,225,
src/views/reimbursement/components/UploadZone.jsx,frontend:view,.jsx,307,console-call
src/views/reimbursement/components/WatcherPanel.jsx,frontend:view,.jsx,403,console-call
src/views/reimbursement/invoice-processing.css,frontend:view,.css,978,large>=500
src/views/reimbursement/InvoicePreviewPane.jsx,frontend:view,.jsx,302,console-call
src/views/reimbursement/InvoiceProcessingCenter.jsx,frontend:view,.jsx,425,console-call
src/views/reimbursement/InvoiceThumbnailList.jsx,frontend:view,.jsx,128,
src/views/reimbursement/ProcessingStatusRail.jsx,frontend:view,.jsx,144,
src/views/reimbursement/reimbursement.css,frontend:view,.css,3347,large>=1000
src/views/reimbursement/ReimbursementTool.jsx,frontend:view,.jsx,247,
src/views/reimbursement/utils/fileSystemAccess.js,frontend:view,.js,286,ts-any|console-call
src/views/reimbursement/utils/ocrMetrics.js,frontend:view,.js,415,
src/views/ResetPassword.jsx,frontend:view,.jsx,105,
src/views/scan/ScanHome.jsx,frontend:view,.jsx,267,hardcoded-local-origin|console-call
src/views/scan/ScanLogin.jsx,frontend:view,.jsx,61,
src/views/scan/ScanResult.jsx,frontend:view,.jsx,213,
src/views/ToolDetail.jsx,frontend:view,.jsx,148,
src/views/workspace/LauncherPage.jsx,frontend:view,.jsx,128,
src/views/workspace/workspace-entry.css,frontend:view,.css,351,
src/views/workspace/WorkspaceSelectPage.jsx,frontend:view,.jsx,294,
test-baselines/README.md,root,.md,149,
tests/3d-studio/editorDocument.test.js,frontend:test,.js,917,large>=500
tests/3d-studio/focusZoneStudioScene.test.js,frontend:test,.js,269,
tests/3d-studio/generatedSceneDownload.test.js,frontend:test,.js,23,
tests/3d-studio/generatedSceneImport.test.js,frontend:test,.js,80,
tests/3d-studio/generatedScenePackage.test.js,frontend:test,.js,111,
tests/3d-studio/osmNormalization.test.js,frontend:test,.js,147,
tests/3d-studio/siteBackdrop.test.js,frontend:test,.js,112,
tests/3d-studio/studioExport.test.js,frontend:test,.js,181,
tests/3d-studio/terrainMeshSync.test.js,frontend:test,.js,99,
tests/app-h5/apiResponse.test.mjs,frontend:test,.mjs,21,
tests/app-h5/bibTrackingLanguage.test.mjs,frontend:test,.mjs,64,
tests/app-h5/designLanguage.test.mjs,frontend:test,.mjs,108,
tests/app-h5/eventsLanguage.test.mjs,frontend:test,.mjs,227,
tests/app-h5/inventoryLanguage.test.mjs,frontend:test,.mjs,32,
tests/app-h5/mobileDataCards.test.mjs,frontend:test,.mjs,45,
tests/app-h5/projectsLanguage.test.mjs,frontend:test,.mjs,49,
tests/branding/branding.test.mjs,frontend:test,.mjs,112,
tests/event-lottery/event-lottery-e2e.test.js,frontend:test,.js,747,large>=500|hardcoded-local-origin|console-call
tests/event-lottery/generate-2000-test-data.js,frontend:test,.js,618,large>=500|console-call
tests/event-lottery/generate-test-data.js,frontend:test,.js,263,console-call
tests/event-lottery/README.md,frontend:test,.md,157,hardcoded-local-origin
tests/event-lottery/TEST_GUIDE.md,frontend:test,.md,223,
tests/event-lottery/TEST_REPORT.md,frontend:test,.md,245,hardcoded-local-origin
tests/event-lottery/TEST_SUMMARY.md,frontend:test,.md,194,hardcoded-local-origin
tests/map/geometryBbox.test.mjs,frontend:test,.mjs,40,
tests/map/map-e2e.test.mjs,frontend:test,.mjs,404,direct-fetch|hardcoded-local-origin|browser-storage
tests/map/map-utils.test.mjs,frontend:test,.mjs,107,
tests/map/siteBakeCache.test.mjs,frontend:test,.mjs,55,
tests/moduleAccess.test.js,frontend:test,.js,156,
tests/pwa/appShell.test.mjs,frontend:test,.mjs,96,
tests/pwa/registerPwa.test.mjs,frontend:test,.mjs,130,hardcoded-local-origin|browser-storage
tests/reimbursement/fixtures/test-credentials.json,frontend:test,.json,6,
tests/reimbursement/ocrMetrics.test.mjs,frontend:test,.mjs,301,
tests/reimbursement/README.md,frontend:test,.md,248,hardcoded-local-origin
tests/reimbursement/reimbursement-e2e.test.js,frontend:test,.js,607,large>=500|hardcoded-local-origin|console-call
tests/reimbursement/reimbursement-ui.test.mjs,frontend:test,.mjs,138,
tests/reimbursement/TEST_PLAN.md,frontend:test,.md,185,hardcoded-local-origin
tests/reimbursement/verify-fix.js,frontend:test,.js,430,direct-fetch|hardcoded-local-origin|console-call
tests/surfaceBoundaries.test.js,frontend:test,.js,100,
tests/surfaceContext.test.js,frontend:test,.js,43,
tests/terrain-model/terrainModel.test.mjs,frontend:test,.mjs,3805,large>=1000|browser-storage
tests/workspaceSession.test.js,frontend:test,.js,346,
vite.config.js,root,.js,104,axios-outside-request|hardcoded-local-origin
